,blocksize,knn,svm_poly,svm_rbf,svm_sigmoid
0,16,0.6935270805812418,0.6935270805812418,0.6710700132100397,0.6512549537648613
1,32,0.659400544959128,0.6416893732970027,0.6198910081743869,0.6076294277929155
2,64,0.6623376623376623,0.6590909090909091,0.6194805194805195,0.6045454545454545
3,128,0.7329566854990583,0.7367231638418079,0.7024482109227872,0.6843691148775894
