,blocksize,knn,svm_poly,svm_rbf,svm_sigmoid
0,16,0.71334214002642,0.7107001321003963,0.6499339498018494,0.5891677675033025
1,32,0.7193460490463215,0.715258855585831,0.6335149863760218,0.5776566757493188
2,64,0.7077922077922078,0.7071428571428572,0.6922077922077922,0.6207792207792208
3,128,0.7634651600753296,0.7981167608286253,0.7585687382297551,0.6210922787193973
