,blocksize,knn,svm_poly,svm_rbf,svm_sigmoid
0,16,0.7058823529411765,0.7647058823529411,0.7764705882352941,0.7647058823529411
1,32,0.7062937062937062,0.7762237762237763,0.7622377622377622,0.7342657342657343
2,64,0.6463195691202872,0.6983842010771992,0.6822262118491921,0.6642728904847397
3,128,0.7606318347509113,0.7812879708383961,0.7448359659781288,0.7332928311057109
