,blocksize,knn,svm_poly,svm_rbf,svm_sigmoid
0,16,0.6705882352941176,0.6705882352941176,0.6235294117647059,0.5176470588235295
1,32,0.7412587412587412,0.7342657342657343,0.7062937062937062,0.6293706293706294
2,64,0.6714542190305206,0.6678635547576302,0.718132854578097,0.6427289048473968
3,128,0.7752126366950183,0.8286755771567437,0.7922235722964763,0.6324422843256379
