,blocksize,knn,svm_poly,svm_rbf,svm_sigmoid
0,16,0.5071380013596193,0.5037389530931339,0.5105370496261047,0.5149558123725357
1,32,0.4989802855200544,0.5061182868796736,0.5180149558123726,0.5200543847722637
2,64,0.5115567641060503,0.5452073419442556,0.5418082936777702,0.5455472467709042
3,128,0.5622025832766825,0.5995921142080217,0.5989123045547247,0.5856560163154316
