,blocksize,knn,svm_poly,svm_rbf,svm_sigmoid
0,16,0.49932019034670294,0.5,0.540448674371176,0.5054384772263766
1,32,0.5027192386131883,0.5,0.5564242012236573,0.5166553365057783
2,64,0.5064581917063222,0.5040788579197825,0.5897348742352141,0.5465669612508498
3,128,0.5472467709041469,0.5876954452753229,0.6492182188987083,0.5669612508497621
